<?xml version="1.0" encoding="UTF-8"?>
<beans:beans xmlns="http://www.springframework.org/schema/mvc"
	xmlns:xsi="http://www.w3.org/2001/XMLSchema-instance"
	xmlns:beans="http://www.springframework.org/schema/beans"
	xmlns:tx="http://www.springframework.org/schema/tx"
	xmlns:context="http://www.springframework.org/schema/context"
	xsi:schemaLocation="
		http://www.springframework.org/schema/tx http://www.springframework.org/schema/tx/spring-tx.xsd
		http://www.springframework.org/schema/mvc http://www.springframework.org/schema/mvc/spring-mvc.xsd
		http://www.springframework.org/schema/beans http://www.springframework.org/schema/beans/spring-beans.xsd
		http://www.springframework.org/schema/context http://www.springframework.org/schema/context/spring-context.xsd">
	<context:annotation-config />
	<beans:bean id="dataSource" class="org.springframework.jdbc.datasource.DriverManagerDataSource" lazy-init="true">
		<beans:property name="driverClassName" value="org.postgresql.Driver" />
		<beans:property name="url" value="jdbc:postgresql://localhost:5433/spoldzielnia?characterEncoding=utf-8" />
		<beans:property name="username" value="postgres" />
		<beans:property name="password" value="damawuWimu#" />
	</beans:bean>
	<beans:bean id="hibernateSessionFactory"
		class="org.springframework.orm.hibernate3.annotation.AnnotationSessionFactoryBean">
		<beans:property name="dataSource" ref="dataSource" />
		<beans:property name="hibernateProperties">
			<beans:props>
				<beans:prop key="hibernate.dialect">org.hibernate.dialect.PostgreSQLDialect</beans:prop>
				<beans:prop key="hibernate.default_schema">public</beans:prop>
				<beans:prop key="hibernate.hbm2ddl.auto">update</beans:prop>
				<beans:prop key="hibernate.show_sql">true</beans:prop>
				<beans:prop key="hibernate.format_sql">true</beans:prop>
				<beans:prop key="hibernate.generate_statistics">false</beans:prop>
			</beans:props>
		</beans:property>
		<beans:property name="packagesToScan">
			<beans:list>
				<beans:value>com.spoldzielnia.app.model</beans:value>	
			</beans:list>
		</beans:property>
	</beans:bean>
	<context:component-scan base-package="com.spoldzielnia.app.dao" />
  	<context:component-scan base-package="com.spoldzielnia.app.service" />
	<tx:annotation-driven transaction-manager="transactionManager" />
	<beans:bean id="transactionManager" class="org.springframework.orm.hibernate3.HibernateTransactionManager">
		<beans:property name="sessionFactory" ref="hibernateSessionFactory" />
	</beans:bean>
</beans:beans>